"",tcga code,name
1,ACC,ACAN
2,ACC,AGRN
3,ACC,ASPN
4,ACC,BCAN
5,ACC,BGN
6,ACC,CHAD
7,ACC,COL15A1
8,ACC,COL18A1
9,ACC,CSPG4
10,ACC,DCN
11,ACC,ECM2
12,ACC,EPYC
13,ACC,FMOD
14,ACC,GPC1
15,ACC,GPC2
16,ACC,GPC3
17,ACC,GPC4
18,ACC,GPC5
19,ACC,GPC6
20,ACC,HSPG2
21,ACC,KERA
22,ACC,LUM
23,ACC,NCAN
24,ACC,OGN
25,ACC,OMD
26,ACC,PODN
27,ACC,PODNL1
28,ACC,PRELP
29,ACC,PTPRZ1
30,ACC,SDC1
31,ACC,SDC2
32,ACC,SDC3
33,ACC,SDC4
34,ACC,SPOCK1
35,ACC,SPOCK2
36,ACC,SPOCK3
37,ACC,SRGN
38,ACC,TGFBR3
39,ACC,TSKU
40,ACC,VCAN
41,BLCA,ACAN
42,BLCA,AGRN
43,BLCA,ASPN
44,BLCA,BCAN
45,BLCA,BGN
46,BLCA,CHAD
47,BLCA,COL15A1
48,BLCA,COL18A1
49,BLCA,CSPG4
50,BLCA,DCN
51,BLCA,ECM2
52,BLCA,EPYC
53,BLCA,FMOD
54,BLCA,GPC1
55,BLCA,GPC2
56,BLCA,GPC3
57,BLCA,GPC4
58,BLCA,GPC6
59,BLCA,HSPG2
60,BLCA,KERA
61,BLCA,LUM
62,BLCA,NCAN
63,BLCA,OGN
64,BLCA,OMD
65,BLCA,PODN
66,BLCA,PODNL1
67,BLCA,PRELP
68,BLCA,PTPRZ1
69,BLCA,SDC1
70,BLCA,SDC2
71,BLCA,SDC3
72,BLCA,SDC4
73,BLCA,SPOCK1
74,BLCA,SPOCK2
75,BLCA,SPOCK3
76,BLCA,SRGN
77,BLCA,TGFBR3
78,BLCA,TSKU
79,BLCA,VCAN
80,BRCA,ACAN
81,BRCA,AGRN
82,BRCA,ASPN
83,BRCA,BCAN
84,BRCA,BGN
85,BRCA,CHAD
86,BRCA,COL15A1
87,BRCA,COL18A1
88,BRCA,CSPG4
89,BRCA,DCN
90,BRCA,ECM2
91,BRCA,EPYC
92,BRCA,FMOD
93,BRCA,GPC1
94,BRCA,GPC2
95,BRCA,GPC3
96,BRCA,GPC4
97,BRCA,GPC5
98,BRCA,GPC6
99,BRCA,HSPG2
100,BRCA,KERA
101,BRCA,LUM
102,BRCA,NCAN
103,BRCA,OGN
104,BRCA,OMD
105,BRCA,PODN
106,BRCA,PODNL1
107,BRCA,PRELP
108,BRCA,PTPRZ1
109,BRCA,SDC1
110,BRCA,SDC2
111,BRCA,SPOCK1
112,BRCA,SPOCK2
113,BRCA,SPOCK3
114,BRCA,SRGN
115,BRCA,TGFBR3
116,BRCA,TSKU
117,BRCA,VCAN
118,CESC,ACAN
119,CESC,AGRN
120,CESC,ASPN
121,CESC,BCAN
122,CESC,BGN
123,CESC,CHAD
124,CESC,COL15A1
125,CESC,COL18A1
126,CESC,CSPG4
127,CESC,DCN
128,CESC,ECM2
129,CESC,EPYC
130,CESC,FMOD
131,CESC,GPC1
132,CESC,GPC2
133,CESC,GPC3
134,CESC,GPC4
135,CESC,GPC5
136,CESC,GPC6
137,CESC,HSPG2
138,CESC,LUM
139,CESC,NCAN
140,CESC,OGN
141,CESC,OMD
142,CESC,PODN
143,CESC,PODNL1
144,CESC,PRELP
145,CESC,PTPRZ1
146,CESC,SDC1
147,CESC,SDC2
148,CESC,SDC3
149,CESC,SDC4
150,CESC,SPOCK1
151,CESC,SPOCK2
152,CESC,SPOCK3
153,CESC,SRGN
154,CESC,TGFBR3
155,CESC,VCAN
156,CHOL,ACAN
157,CHOL,AGRN
158,CHOL,ASPN
159,CHOL,BCAN
160,CHOL,CHAD
161,CHOL,COL15A1
162,CHOL,CSPG4
163,CHOL,DCN
164,CHOL,ECM2
165,CHOL,EPYC
166,CHOL,FMOD
167,CHOL,GPC2
168,CHOL,GPC3
169,CHOL,GPC4
170,CHOL,GPC5
171,CHOL,GPC6
172,CHOL,KERA
173,CHOL,LUM
174,CHOL,OGN
175,CHOL,OMD
176,CHOL,PODN
177,CHOL,PODNL1
178,CHOL,PRELP
179,CHOL,PTPRZ1
180,CHOL,SDC1
181,CHOL,SDC2
182,CHOL,SDC4
183,CHOL,SPOCK1
184,CHOL,SPOCK2
185,CHOL,SPOCK3
186,CHOL,SRGN
187,CHOL,TGFBR3
188,CHOL,TSKU
189,CHOL,VCAN
190,COAD,ACAN
191,COAD,ASPN
192,COAD,BCAN
193,COAD,BGN
194,COAD,CHAD
195,COAD,COL15A1
196,COAD,COL18A1
197,COAD,CSPG4
198,COAD,DCN
199,COAD,ECM2
200,COAD,EPYC
201,COAD,FMOD
202,COAD,GPC1
203,COAD,GPC2
204,COAD,GPC3
205,COAD,GPC4
206,COAD,GPC5
207,COAD,GPC6
208,COAD,HSPG2
209,COAD,KERA
210,COAD,LUM
211,COAD,OGN
212,COAD,OMD
213,COAD,PODN
214,COAD,PODNL1
215,COAD,PRELP
216,COAD,PTPRZ1
217,COAD,SDC2
218,COAD,SPOCK1
219,COAD,SPOCK2
220,COAD,SPOCK3
221,COAD,SRGN
222,COAD,TGFBR3
223,COAD,VCAN
224,DLBC,ACAN
225,DLBC,ASPN
226,DLBC,BCAN
227,DLBC,BGN
228,DLBC,CHAD
229,DLBC,COL15A1
230,DLBC,CSPG4
231,DLBC,DCN
232,DLBC,ECM2
233,DLBC,EPYC
234,DLBC,FMOD
235,DLBC,GPC2
236,DLBC,GPC3
237,DLBC,GPC4
238,DLBC,GPC5
239,DLBC,GPC6
240,DLBC,HSPG2
241,DLBC,LUM
242,DLBC,NCAN
243,DLBC,NYX
244,DLBC,OGN
245,DLBC,OMD
246,DLBC,PODN
247,DLBC,PODNL1
248,DLBC,PRELP
249,DLBC,PTPRZ1
250,DLBC,SDC1
251,DLBC,SDC3
252,DLBC,SDC4
253,DLBC,SPOCK1
254,DLBC,SPOCK2
255,DLBC,SPOCK3
256,DLBC,SRGN
257,DLBC,TGFBR3
258,DLBC,TSKU
259,DLBC,VCAN
260,ESCA,ACAN
261,ESCA,AGRN
262,ESCA,ASPN
263,ESCA,BCAN
264,ESCA,BGN
265,ESCA,CHAD
266,ESCA,COL15A1
267,ESCA,COL18A1
268,ESCA,CSPG4
269,ESCA,DCN
270,ESCA,ECM2
271,ESCA,EPYC
272,ESCA,FMOD
273,ESCA,GPC1
274,ESCA,GPC2
275,ESCA,GPC3
276,ESCA,GPC4
277,ESCA,GPC5
278,ESCA,GPC6
279,ESCA,HSPG2
280,ESCA,KERA
281,ESCA,LUM
282,ESCA,NCAN
283,ESCA,OGN
284,ESCA,OMD
285,ESCA,PODN
286,ESCA,PODNL1
287,ESCA,PRELP
288,ESCA,PTPRZ1
289,ESCA,SDC1
290,ESCA,SDC2
291,ESCA,SDC3
292,ESCA,SDC4
293,ESCA,SPOCK1
294,ESCA,SPOCK2
295,ESCA,SPOCK3
296,ESCA,SRGN
297,ESCA,TGFBR3
298,ESCA,TSKU
299,ESCA,VCAN
300,GBM,ACAN
301,GBM,AGRN
302,GBM,ASPN
303,GBM,BCAN
304,GBM,BGN
305,GBM,CHAD
306,GBM,COL15A1
307,GBM,COL18A1
308,GBM,CSPG4
309,GBM,DCN
310,GBM,ECM2
311,GBM,EPYC
312,GBM,FMOD
313,GBM,GPC1
314,GBM,GPC2
315,GBM,GPC3
316,GBM,GPC4
317,GBM,GPC5
318,GBM,GPC6
319,GBM,HSPG2
320,GBM,KERA
321,GBM,LUM
322,GBM,NCAN
323,GBM,OGN
324,GBM,OMD
325,GBM,OPTC
326,GBM,PODN
327,GBM,PODNL1
328,GBM,PRELP
329,GBM,PTPRZ1
330,GBM,SDC1
331,GBM,SDC2
332,GBM,SDC3
333,GBM,SDC4
334,GBM,SPOCK1
335,GBM,SPOCK2
336,GBM,SPOCK3
337,GBM,SRGN
338,GBM,TGFBR3
339,HNSC,ACAN
340,HNSC,AGRN
341,HNSC,ASPN
342,HNSC,BCAN
343,HNSC,BGN
344,HNSC,CHAD
345,HNSC,COL15A1
346,HNSC,COL18A1
347,HNSC,CSPG4
348,HNSC,DCN
349,HNSC,ECM2
350,HNSC,EPYC
351,HNSC,FMOD
352,HNSC,GPC1
353,HNSC,GPC2
354,HNSC,GPC3
355,HNSC,GPC4
356,HNSC,GPC5
357,HNSC,GPC6
358,HNSC,HSPG2
359,HNSC,KERA
360,HNSC,LUM
361,HNSC,NCAN
362,HNSC,OGN
363,HNSC,OMD
364,HNSC,PODN
365,HNSC,PODNL1
366,HNSC,PRELP
367,HNSC,PTPRZ1
368,HNSC,SDC2
369,HNSC,SDC3
370,HNSC,SDC4
371,HNSC,SPOCK1
372,HNSC,SPOCK2
373,HNSC,SPOCK3
374,HNSC,SRGN
375,HNSC,TGFBR3
376,HNSC,VCAN
377,KICH,ACAN
378,KICH,ASPN
379,KICH,BCAN
380,KICH,BGN
381,KICH,CHAD
382,KICH,COL15A1
383,KICH,COL18A1
384,KICH,CSPG4
385,KICH,DCN
386,KICH,ECM2
387,KICH,FMOD
388,KICH,GPC2
389,KICH,GPC3
390,KICH,GPC4
391,KICH,GPC5
392,KICH,GPC6
393,KICH,LUM
394,KICH,OGN
395,KICH,OMD
396,KICH,PODN
397,KICH,PODNL1
398,KICH,PRELP
399,KICH,PTPRZ1
400,KICH,SDC1
401,KICH,SDC2
402,KICH,SDC3
403,KICH,SPOCK1
404,KICH,SPOCK2
405,KICH,SRGN
406,KICH,TGFBR3
407,KICH,TSKU
408,KICH,VCAN
409,KIRC,ACAN
410,KIRC,ASPN
411,KIRC,BCAN
412,KIRC,BGN
413,KIRC,CHAD
414,KIRC,COL15A1
415,KIRC,CSPG4
416,KIRC,DCN
417,KIRC,ECM2
418,KIRC,EPYC
419,KIRC,FMOD
420,KIRC,GPC1
421,KIRC,GPC2
422,KIRC,GPC3
423,KIRC,GPC4
424,KIRC,GPC5
425,KIRC,GPC6
426,KIRC,HSPG2
427,KIRC,KERA
428,KIRC,LUM
429,KIRC,NYX
430,KIRC,OGN
431,KIRC,OMD
432,KIRC,PODN
433,KIRC,PODNL1
434,KIRC,PRELP
435,KIRC,PTPRZ1
436,KIRC,SDC1
437,KIRC,SPOCK1
438,KIRC,SPOCK2
439,KIRC,SPOCK3
440,KIRC,TSKU
441,KIRC,VCAN
442,KIRP,ACAN
443,KIRP,ASPN
444,KIRP,BCAN
445,KIRP,BGN
446,KIRP,CHAD
447,KIRP,COL15A1
448,KIRP,CSPG4
449,KIRP,DCN
450,KIRP,ECM2
451,KIRP,FMOD
452,KIRP,GPC1
453,KIRP,GPC2
454,KIRP,GPC3
455,KIRP,GPC4
456,KIRP,GPC5
457,KIRP,GPC6
458,KIRP,HSPG2
459,KIRP,LUM
460,KIRP,NCAN
461,KIRP,NYX
462,KIRP,OGN
463,KIRP,OMD
464,KIRP,PODN
465,KIRP,PODNL1
466,KIRP,PRELP
467,KIRP,PTPRZ1
468,KIRP,SDC1
469,KIRP,SDC2
470,KIRP,SDC3
471,KIRP,SPOCK1
472,KIRP,SPOCK2
473,KIRP,SPOCK3
474,KIRP,SRGN
475,KIRP,TGFBR3
476,KIRP,TSKU
477,KIRP,VCAN
478,LAML,ACAN
479,LAML,AGRN
480,LAML,ASPN
481,LAML,BCAN
482,LAML,BGN
483,LAML,CHAD
484,LAML,COL15A1
485,LAML,COL18A1
486,LAML,CSPG4
487,LAML,DCN
488,LAML,ECM2
489,LAML,FMOD
490,LAML,GPC1
491,LAML,GPC2
492,LAML,GPC3
493,LAML,GPC4
494,LAML,GPC5
495,LAML,GPC6
496,LAML,HSPG2
497,LAML,LUM
498,LAML,OMD
499,LAML,PODN
500,LAML,PRELP
501,LAML,SDC1
502,LAML,SDC2
503,LAML,SDC3
504,LAML,SDC4
505,LAML,SPOCK1
506,LAML,SPOCK2
507,LAML,SPOCK3
508,LAML,SRGN
509,LAML,TGFBR3
510,LAML,TSKU
511,LAML,VCAN
512,LGG,ACAN
513,LGG,ASPN
514,LGG,BCAN
515,LGG,BGN
516,LGG,CHAD
517,LGG,COL15A1
518,LGG,COL18A1
519,LGG,CSPG4
520,LGG,DCN
521,LGG,ECM2
522,LGG,FMOD
523,LGG,GPC2
524,LGG,GPC3
525,LGG,GPC4
526,LGG,GPC5
527,LGG,GPC6
528,LGG,HSPG2
529,LGG,LUM
530,LGG,NCAN
531,LGG,OGN
532,LGG,OMD
533,LGG,OPTC
534,LGG,PODN
535,LGG,PODNL1
536,LGG,PRELP
537,LGG,PTPRZ1
538,LGG,SDC1
539,LGG,SDC2
540,LGG,SDC4
541,LGG,SPOCK1
542,LGG,SPOCK3
543,LGG,SRGN
544,LGG,TGFBR3
545,LGG,VCAN
546,LIHC,ACAN
547,LIHC,AGRN
548,LIHC,ASPN
549,LIHC,BCAN
550,LIHC,BGN
551,LIHC,CHAD
552,LIHC,COL15A1
553,LIHC,CSPG4
554,LIHC,DCN
555,LIHC,ECM2
556,LIHC,FMOD
557,LIHC,GPC1
558,LIHC,GPC2
559,LIHC,GPC3
560,LIHC,GPC4
561,LIHC,GPC5
562,LIHC,GPC6
563,LIHC,HSPG2
564,LIHC,LUM
565,LIHC,NCAN
566,LIHC,OGN
567,LIHC,OMD
568,LIHC,PODN
569,LIHC,PODNL1
570,LIHC,PRELP
571,LIHC,PTPRZ1
572,LIHC,SDC1
573,LIHC,SDC2
574,LIHC,SDC3
575,LIHC,SDC4
576,LIHC,SPOCK1
577,LIHC,SPOCK2
578,LIHC,SPOCK3
579,LIHC,SRGN
580,LIHC,TGFBR3
581,LIHC,TSKU
582,LIHC,VCAN
583,LUAD,ACAN
584,LUAD,AGRN
585,LUAD,ASPN
586,LUAD,BCAN
587,LUAD,BGN
588,LUAD,CHAD
589,LUAD,COL15A1
590,LUAD,COL18A1
591,LUAD,CSPG4
592,LUAD,DCN
593,LUAD,ECM2
594,LUAD,EPYC
595,LUAD,FMOD
596,LUAD,GPC1
597,LUAD,GPC2
598,LUAD,GPC3
599,LUAD,GPC4
600,LUAD,GPC5
601,LUAD,GPC6
602,LUAD,HSPG2
603,LUAD,KERA
604,LUAD,LUM
605,LUAD,NCAN
606,LUAD,OGN
607,LUAD,OMD
608,LUAD,PODN
609,LUAD,PODNL1
610,LUAD,PRELP
611,LUAD,PTPRZ1
612,LUAD,SDC1
613,LUAD,SDC2
614,LUAD,SPOCK1
615,LUAD,SPOCK2
616,LUAD,SPOCK3
617,LUAD,SRGN
618,LUAD,TGFBR3
619,LUAD,TSKU
620,LUAD,VCAN
621,LUSC,ACAN
622,LUSC,AGRN
623,LUSC,ASPN
624,LUSC,BCAN
625,LUSC,BGN
626,LUSC,CHAD
627,LUSC,COL15A1
628,LUSC,COL18A1
629,LUSC,CSPG4
630,LUSC,DCN
631,LUSC,ECM2
632,LUSC,EPYC
633,LUSC,FMOD
634,LUSC,GPC1
635,LUSC,GPC2
636,LUSC,GPC3
637,LUSC,GPC4
638,LUSC,GPC5
639,LUSC,GPC6
640,LUSC,HSPG2
641,LUSC,KERA
642,LUSC,LUM
643,LUSC,NCAN
644,LUSC,OGN
645,LUSC,OMD
646,LUSC,PODN
647,LUSC,PODNL1
648,LUSC,PRELP
649,LUSC,PTPRZ1
650,LUSC,SDC1
651,LUSC,SDC2
652,LUSC,SDC4
653,LUSC,SPOCK1
654,LUSC,SPOCK2
655,LUSC,SPOCK3
656,LUSC,SRGN
657,LUSC,TGFBR3
658,LUSC,TSKU
659,LUSC,VCAN
660,MESO,ACAN
661,MESO,AGRN
662,MESO,ASPN
663,MESO,BCAN
664,MESO,BGN
665,MESO,CHAD
666,MESO,COL15A1
667,MESO,COL18A1
668,MESO,CSPG4
669,MESO,DCN
670,MESO,ECM2
671,MESO,EPYC
672,MESO,FMOD
673,MESO,GPC2
674,MESO,GPC3
675,MESO,GPC4
676,MESO,GPC5
677,MESO,GPC6
678,MESO,HSPG2
679,MESO,KERA
680,MESO,LUM
681,MESO,NCAN
682,MESO,OGN
683,MESO,OMD
684,MESO,PODN
685,MESO,PODNL1
686,MESO,PRELP
687,MESO,PTPRZ1
688,MESO,SDC1
689,MESO,SDC2
690,MESO,SDC4
691,MESO,SPOCK1
692,MESO,SPOCK2
693,MESO,SPOCK3
694,MESO,SRGN
695,MESO,TGFBR3
696,MESO,TSKU
697,MESO,VCAN
698,OV,ACAN
699,OV,AGRN
700,OV,ASPN
701,OV,BCAN
702,OV,BGN
703,OV,CHAD
704,OV,COL15A1
705,OV,COL18A1
706,OV,CSPG4
707,OV,DCN
708,OV,ECM2
709,OV,EPYC
710,OV,FMOD
711,OV,GPC1
712,OV,GPC2
713,OV,GPC3
714,OV,GPC4
715,OV,GPC5
716,OV,GPC6
717,OV,HSPG2
718,OV,KERA
719,OV,LUM
720,OV,NCAN
721,OV,OGN
722,OV,OMD
723,OV,OPTC
724,OV,PODN
725,OV,PODNL1
726,OV,PRELP
727,OV,PTPRZ1
728,OV,SDC1
729,OV,SDC2
730,OV,SPOCK1
731,OV,SPOCK2
732,OV,SPOCK3
733,OV,SRGN
734,OV,TGFBR3
735,OV,TSKU
736,OV,VCAN
737,PAAD,ACAN
738,PAAD,AGRN
739,PAAD,ASPN
740,PAAD,BCAN
741,PAAD,BGN
742,PAAD,CHAD
743,PAAD,COL15A1
744,PAAD,COL18A1
745,PAAD,CSPG4
746,PAAD,DCN
747,PAAD,ECM2
748,PAAD,EPYC
749,PAAD,FMOD
750,PAAD,GPC1
751,PAAD,GPC2
752,PAAD,GPC3
753,PAAD,GPC4
754,PAAD,GPC5
755,PAAD,GPC6
756,PAAD,KERA
757,PAAD,LUM
758,PAAD,NCAN
759,PAAD,OGN
760,PAAD,OMD
761,PAAD,PODN
762,PAAD,PODNL1
763,PAAD,PRELP
764,PAAD,PTPRZ1
765,PAAD,SDC1
766,PAAD,SDC4
767,PAAD,SPOCK1
768,PAAD,SPOCK2
769,PAAD,SPOCK3
770,PAAD,SRGN
771,PAAD,TGFBR3
772,PAAD,TSKU
773,PAAD,VCAN
774,PCPG,ACAN
775,PCPG,AGRN
776,PCPG,ASPN
777,PCPG,BCAN
778,PCPG,BGN
779,PCPG,CHAD
780,PCPG,COL15A1
781,PCPG,COL18A1
782,PCPG,CSPG4
783,PCPG,DCN
784,PCPG,ECM2
785,PCPG,FMOD
786,PCPG,GPC1
787,PCPG,GPC2
788,PCPG,GPC3
789,PCPG,GPC4
790,PCPG,GPC5
791,PCPG,GPC6
792,PCPG,HSPG2
793,PCPG,LUM
794,PCPG,NCAN
795,PCPG,OGN
796,PCPG,OMD
797,PCPG,PODN
798,PCPG,PODNL1
799,PCPG,PRELP
800,PCPG,PTPRZ1
801,PCPG,SDC1
802,PCPG,SDC2
803,PCPG,SDC3
804,PCPG,SDC4
805,PCPG,SPOCK1
806,PCPG,SPOCK2
807,PCPG,SPOCK3
808,PCPG,SRGN
809,PCPG,TGFBR3
810,PCPG,TSKU
811,PCPG,VCAN
812,PRAD,ACAN
813,PRAD,ASPN
814,PRAD,BCAN
815,PRAD,BGN
816,PRAD,CHAD
817,PRAD,COL15A1
818,PRAD,CSPG4
819,PRAD,DCN
820,PRAD,ECM2
821,PRAD,EPYC
822,PRAD,FMOD
823,PRAD,GPC2
824,PRAD,GPC3
825,PRAD,GPC4
826,PRAD,GPC5
827,PRAD,GPC6
828,PRAD,LUM
829,PRAD,NCAN
830,PRAD,OGN
831,PRAD,OMD
832,PRAD,PODN
833,PRAD,PODNL1
834,PRAD,PRELP
835,PRAD,PTPRZ1
836,PRAD,SDC1
837,PRAD,SDC2
838,PRAD,SPOCK1
839,PRAD,SPOCK2
840,PRAD,SPOCK3
841,PRAD,SRGN
842,PRAD,TGFBR3
843,PRAD,VCAN
844,READ,ACAN
845,READ,ASPN
846,READ,BCAN
847,READ,BGN
848,READ,CHAD
849,READ,COL15A1
850,READ,COL18A1
851,READ,CSPG4
852,READ,DCN
853,READ,ECM2
854,READ,EPYC
855,READ,FMOD
856,READ,GPC1
857,READ,GPC2
858,READ,GPC3
859,READ,GPC5
860,READ,GPC6
861,READ,HSPG2
862,READ,KERA
863,READ,LUM
864,READ,OGN
865,READ,OMD
866,READ,PODN
867,READ,PODNL1
868,READ,PRELP
869,READ,PTPRZ1
870,READ,SDC2
871,READ,SPOCK1
872,READ,SPOCK2
873,READ,SPOCK3
874,READ,SRGN
875,READ,TGFBR3
876,READ,VCAN
877,SARC,ACAN
878,SARC,AGRN
879,SARC,ASPN
880,SARC,BCAN
881,SARC,BGN
882,SARC,CHAD
883,SARC,COL15A1
884,SARC,COL18A1
885,SARC,CSPG4
886,SARC,DCN
887,SARC,ECM2
888,SARC,EPYC
889,SARC,FMOD
890,SARC,GPC1
891,SARC,GPC2
892,SARC,GPC3
893,SARC,GPC4
894,SARC,GPC5
895,SARC,GPC6
896,SARC,HSPG2
897,SARC,KERA
898,SARC,LUM
899,SARC,NCAN
900,SARC,OGN
901,SARC,OMD
902,SARC,OPTC
903,SARC,PODN
904,SARC,PODNL1
905,SARC,PRELP
906,SARC,PTPRZ1
907,SARC,SDC1
908,SARC,SDC2
909,SARC,SDC3
910,SARC,SDC4
911,SARC,SPOCK1
912,SARC,SPOCK2
913,SARC,SPOCK3
914,SARC,SRGN
915,SARC,TGFBR3
916,SARC,TSKU
917,SARC,VCAN
918,SKCM,ACAN
919,SKCM,AGRN
920,SKCM,ASPN
921,SKCM,BCAN
922,SKCM,BGN
923,SKCM,CHAD
924,SKCM,COL15A1
925,SKCM,COL18A1
926,SKCM,CSPG4
927,SKCM,DCN
928,SKCM,ECM2
929,SKCM,EPYC
930,SKCM,FMOD
931,SKCM,GPC1
932,SKCM,GPC2
933,SKCM,GPC3
934,SKCM,GPC4
935,SKCM,GPC5
936,SKCM,GPC6
937,SKCM,HSPG2
938,SKCM,KERA
939,SKCM,LUM
940,SKCM,NCAN
941,SKCM,NYX
942,SKCM,OGN
943,SKCM,OMD
944,SKCM,PODN
945,SKCM,PODNL1
946,SKCM,PRELP
947,SKCM,PTPRZ1
948,SKCM,SDC1
949,SKCM,SDC2
950,SKCM,SDC3
951,SKCM,SDC4
952,SKCM,SPOCK1
953,SKCM,SPOCK2
954,SKCM,SPOCK3
955,SKCM,SRGN
956,SKCM,TGFBR3
957,SKCM,TSKU
958,SKCM,VCAN
959,STAD,ACAN
960,STAD,AGRN
961,STAD,ASPN
962,STAD,BCAN
963,STAD,BGN
964,STAD,CHAD
965,STAD,COL15A1
966,STAD,COL18A1
967,STAD,CSPG4
968,STAD,DCN
969,STAD,ECM2
970,STAD,EPYC
971,STAD,FMOD
972,STAD,GPC1
973,STAD,GPC2
974,STAD,GPC3
975,STAD,GPC4
976,STAD,GPC5
977,STAD,GPC6
978,STAD,HSPG2
979,STAD,KERA
980,STAD,LUM
981,STAD,NCAN
982,STAD,OGN
983,STAD,OMD
984,STAD,PODN
985,STAD,PODNL1
986,STAD,PRELP
987,STAD,PTPRZ1
988,STAD,SDC1
989,STAD,SDC2
990,STAD,SDC3
991,STAD,SDC4
992,STAD,SPOCK1
993,STAD,SPOCK2
994,STAD,SPOCK3
995,STAD,SRGN
996,STAD,TGFBR3
997,STAD,VCAN
998,TGCT,ACAN
999,TGCT,AGRN
1000,TGCT,ASPN
1001,TGCT,BCAN
1002,TGCT,BGN
1003,TGCT,CHAD
1004,TGCT,COL15A1
1005,TGCT,COL18A1
1006,TGCT,CSPG4
1007,TGCT,DCN
1008,TGCT,ECM2
1009,TGCT,EPYC
1010,TGCT,FMOD
1011,TGCT,GPC2
1012,TGCT,GPC3
1013,TGCT,GPC4
1014,TGCT,GPC5
1015,TGCT,GPC6
1016,TGCT,HSPG2
1017,TGCT,KERA
1018,TGCT,LUM
1019,TGCT,NCAN
1020,TGCT,NYX
1021,TGCT,OGN
1022,TGCT,OMD
1023,TGCT,OPTC
1024,TGCT,PODN
1025,TGCT,PODNL1
1026,TGCT,PRELP
1027,TGCT,PTPRZ1
1028,TGCT,SDC1
1029,TGCT,SDC2
1030,TGCT,SPOCK1
1031,TGCT,SPOCK2
1032,TGCT,SPOCK3
1033,TGCT,SRGN
1034,TGCT,VCAN
1035,THCA,ACAN
1036,THCA,ASPN
1037,THCA,BCAN
1038,THCA,BGN
1039,THCA,CHAD
1040,THCA,COL15A1
1041,THCA,CSPG4
1042,THCA,DCN
1043,THCA,ECM2
1044,THCA,EPYC
1045,THCA,FMOD
1046,THCA,GPC2
1047,THCA,GPC3
1048,THCA,GPC5
1049,THCA,GPC6
1050,THCA,KERA
1051,THCA,LUM
1052,THCA,NCAN
1053,THCA,OGN
1054,THCA,OMD
1055,THCA,PODN
1056,THCA,PODNL1
1057,THCA,PRELP
1058,THCA,PTPRZ1
1059,THCA,SDC4
1060,THCA,SPOCK1
1061,THCA,SPOCK2
1062,THCA,SPOCK3
1063,THCA,SRGN
1064,THCA,VCAN
1065,THYM,ACAN
1066,THYM,AGRN
1067,THYM,ASPN
1068,THYM,BCAN
1069,THYM,BGN
1070,THYM,CHAD
1071,THYM,COL15A1
1072,THYM,COL18A1
1073,THYM,CSPG4
1074,THYM,DCN
1075,THYM,ECM2
1076,THYM,EPYC
1077,THYM,FMOD
1078,THYM,GPC1
1079,THYM,GPC2
1080,THYM,GPC3
1081,THYM,GPC4
1082,THYM,GPC6
1083,THYM,HSPG2
1084,THYM,KERA
1085,THYM,LUM
1086,THYM,NYX
1087,THYM,OGN
1088,THYM,OMD
1089,THYM,OPTC
1090,THYM,PODN
1091,THYM,PODNL1
1092,THYM,PRELP
1093,THYM,PTPRZ1
1094,THYM,SDC1
1095,THYM,SDC2
1096,THYM,SDC3
1097,THYM,SDC4
1098,THYM,SPOCK1
1099,THYM,SPOCK2
1100,THYM,SPOCK3
1101,THYM,TGFBR3
1102,THYM,TSKU
1103,THYM,VCAN
1104,UCEC,ACAN
1105,UCEC,ASPN
1106,UCEC,BCAN
1107,UCEC,BGN
1108,UCEC,CHAD
1109,UCEC,COL15A1
1110,UCEC,COL18A1
1111,UCEC,CSPG4
1112,UCEC,DCN
1113,UCEC,ECM2
1114,UCEC,EPYC
1115,UCEC,FMOD
1116,UCEC,GPC1
1117,UCEC,GPC2
1118,UCEC,GPC3
1119,UCEC,GPC4
1120,UCEC,GPC5
1121,UCEC,GPC6
1122,UCEC,HSPG2
1123,UCEC,KERA
1124,UCEC,LUM
1125,UCEC,NCAN
1126,UCEC,OGN
1127,UCEC,OMD
1128,UCEC,PODN
1129,UCEC,PODNL1
1130,UCEC,PRELP
1131,UCEC,PTPRZ1
1132,UCEC,SDC1
1133,UCEC,SDC2
1134,UCEC,SDC3
1135,UCEC,SDC4
1136,UCEC,SPOCK1
1137,UCEC,SPOCK2
1138,UCEC,SPOCK3
1139,UCEC,SRGN
1140,UCEC,TGFBR3
1141,UCEC,TSKU
1142,UCEC,VCAN
1143,UCS,ACAN
1144,UCS,AGRN
1145,UCS,ASPN
1146,UCS,BCAN
1147,UCS,BGN
1148,UCS,CHAD
1149,UCS,COL15A1
1150,UCS,COL18A1
1151,UCS,CSPG4
1152,UCS,DCN
1153,UCS,ECM2
1154,UCS,EPYC
1155,UCS,FMOD
1156,UCS,GPC1
1157,UCS,GPC2
1158,UCS,GPC3
1159,UCS,GPC4
1160,UCS,GPC5
1161,UCS,GPC6
1162,UCS,KERA
1163,UCS,LUM
1164,UCS,NCAN
1165,UCS,OGN
1166,UCS,OMD
1167,UCS,PODN
1168,UCS,PODNL1
1169,UCS,PRELP
1170,UCS,PTPRZ1
1171,UCS,SDC1
1172,UCS,SDC2
1173,UCS,SDC3
1174,UCS,SDC4
1175,UCS,SPOCK1
1176,UCS,SPOCK2
1177,UCS,SPOCK3
1178,UCS,SRGN
1179,UCS,TGFBR3
1180,UCS,VCAN
1181,UVM,ACAN
1182,UVM,ASPN
1183,UVM,BCAN
1184,UVM,BGN
1185,UVM,CHAD
1186,UVM,COL15A1
1187,UVM,COL18A1
1188,UVM,CSPG4
1189,UVM,DCN
1190,UVM,ECM2
1191,UVM,FMOD
1192,UVM,GPC2
1193,UVM,GPC3
1194,UVM,GPC4
1195,UVM,GPC6
1196,UVM,HSPG2
1197,UVM,LUM
1198,UVM,NCAN
1199,UVM,NYX
1200,UVM,OGN
1201,UVM,OMD
1202,UVM,OPTC
1203,UVM,PODN
1204,UVM,PODNL1
1205,UVM,PRELP
1206,UVM,PTPRZ1
1207,UVM,SDC1
1208,UVM,SDC2
1209,UVM,SPOCK1
1210,UVM,SPOCK2
1211,UVM,SPOCK3
1212,UVM,SRGN
1213,UVM,VCAN
